time,lat,lon,trajectory
2024-09-16 23:00:36,78.283738,14.5902936,2024-09-Isfjorden-Mooring-02b
2024-09-16 23:30:36,78.2837985,14.590083,2024-09-Isfjorden-Mooring-02b
2024-09-17 00:00:37,78.2838325,14.5897698,2024-09-Isfjorden-Mooring-02b
2024-09-17 00:30:27,78.2838495,14.5896623,2024-09-Isfjorden-Mooring-02b
2024-09-17 01:00:37,78.2838665,14.5895844,2024-09-Isfjorden-Mooring-02b
2024-09-17 02:00:37,78.2838507,14.5897017,2024-09-Isfjorden-Mooring-02b
2024-09-17 02:30:27,78.2838587,14.5896549,2024-09-Isfjorden-Mooring-02b
2024-09-17 03:00:37,78.2838078,14.5898447,2024-09-Isfjorden-Mooring-02b
2024-09-17 03:30:37,78.2837418,14.5903282,2024-09-Isfjorden-Mooring-02b
2024-09-17 04:00:37,78.2836254,14.5909708,2024-09-Isfjorden-Mooring-02b
2024-09-17 04:30:27,78.2835327,14.5914585,2024-09-Isfjorden-Mooring-02b
2024-09-17 05:00:36,78.2834692,14.5922492,2024-09-Isfjorden-Mooring-02b
2024-09-17 05:30:36,78.2834654,14.5925255,2024-09-Isfjorden-Mooring-02b
2024-09-17 06:00:38,78.2834532,14.5928656,2024-09-Isfjorden-Mooring-02b
2024-09-17 06:30:26,78.2835001,14.5929429,2024-09-Isfjorden-Mooring-02b
2024-09-17 07:00:38,78.2834984,14.5932095,2024-09-Isfjorden-Mooring-02b
2024-09-17 07:30:37,78.2834823,14.593387,2024-09-Isfjorden-Mooring-02b
2024-09-17 08:00:36,78.2834928,14.5926977,2024-09-Isfjorden-Mooring-02b
2024-09-17 08:30:26,78.2835313,14.5922733,2024-09-Isfjorden-Mooring-02b
2024-09-17 09:00:38,78.2835575,14.5919848,2024-09-Isfjorden-Mooring-02b
2024-09-17 09:30:35,78.2835857,14.5919731,2024-09-Isfjorden-Mooring-02b
2024-09-17 10:00:38,78.2835819,14.5920488,2024-09-Isfjorden-Mooring-02b
2024-09-17 10:30:27,78.2836286,14.5914732,2024-09-Isfjorden-Mooring-02b
2024-09-17 11:00:37,78.2836524,14.591413,2024-09-Isfjorden-Mooring-02b
2024-09-17 11:30:36,78.2837757,14.5911052,2024-09-Isfjorden-Mooring-02b
2024-09-17 12:00:38,78.2837639,14.5908568,2024-09-Isfjorden-Mooring-02b
2024-09-17 12:30:25,78.2837558,14.5909359,2024-09-Isfjorden-Mooring-02b
2024-09-17 13:00:37,78.2837747,14.5909872,2024-09-Isfjorden-Mooring-02b
2024-09-17 13:30:36,78.2837732,14.5909829,2024-09-Isfjorden-Mooring-02b
2024-09-17 14:00:37,78.2837572,14.590974,2024-09-Isfjorden-Mooring-02b
2024-09-17 14:30:27,78.28371,14.5912189,2024-09-Isfjorden-Mooring-02b
2024-09-17 15:00:37,78.2837065,14.5913444,2024-09-Isfjorden-Mooring-02b
2024-09-17 15:30:36,78.2837337,14.5910289,2024-09-Isfjorden-Mooring-02b
2024-09-17 16:00:38,78.2837022,14.5910094,2024-09-Isfjorden-Mooring-02b
2024-09-17 16:30:25,78.2835998,14.5909331,2024-09-Isfjorden-Mooring-02b
2024-09-17 17:00:35,78.2836475,14.5909696,2024-09-Isfjorden-Mooring-02b
2024-09-17 17:30:36,78.2836581,14.5906106,2024-09-Isfjorden-Mooring-02b
2024-09-17 18:00:36,78.2836808,14.5903323,2024-09-Isfjorden-Mooring-02b
2024-09-17 18:30:26,78.2836883,14.590137,2024-09-Isfjorden-Mooring-02b
2024-09-17 19:00:37,78.2837237,14.5899064,2024-09-Isfjorden-Mooring-02b
2024-09-17 19:30:36,78.2836639,14.5900298,2024-09-Isfjorden-Mooring-02b
2024-09-17 20:00:37,78.283656,14.5901198,2024-09-Isfjorden-Mooring-02b
2024-09-17 20:30:26,78.2836895,14.5902304,2024-09-Isfjorden-Mooring-02b
2024-09-17 21:00:37,78.2837174,14.5902074,2024-09-Isfjorden-Mooring-02b
2024-09-17 21:30:37,78.2837552,14.5900689,2024-09-Isfjorden-Mooring-02b
2024-09-17 22:00:37,78.2837594,14.5903015,2024-09-Isfjorden-Mooring-02b
2024-09-17 22:30:27,78.2837456,14.5903472,2024-09-Isfjorden-Mooring-02b
2024-09-17 23:00:36,78.283721,14.5905245,2024-09-Isfjorden-Mooring-02b
2024-09-17 23:30:36,78.2837829,14.590232,2024-09-Isfjorden-Mooring-02b
2024-09-18 00:00:37,78.283828,14.5898987,2024-09-Isfjorden-Mooring-02b
2024-09-18 00:30:26,78.2838723,14.5897412,2024-09-Isfjorden-Mooring-02b
2024-09-18 01:00:38,78.2838888,14.5897466,2024-09-Isfjorden-Mooring-02b
2024-09-18 01:30:36,78.2838595,14.5899025,2024-09-Isfjorden-Mooring-02b
2024-09-18 02:00:36,78.2837835,14.5901804,2024-09-Isfjorden-Mooring-02b
2024-09-18 02:30:27,78.2837449,14.590228,2024-09-Isfjorden-Mooring-02b
2024-09-18 03:00:38,78.2836559,14.5905019,2024-09-Isfjorden-Mooring-02b
2024-09-18 03:30:37,78.2836078,14.5907713,2024-09-Isfjorden-Mooring-02b
2024-09-18 04:00:38,78.2836978,14.590186,2024-09-Isfjorden-Mooring-02b
2024-09-18 04:30:26,78.2837888,14.589868,2024-09-Isfjorden-Mooring-02b
2024-09-18 05:00:36,78.283815,14.5897622,2024-09-Isfjorden-Mooring-02b
2024-09-18 05:30:37,78.283829,14.5896732,2024-09-Isfjorden-Mooring-02b
2024-09-18 06:00:38,78.2838721,14.5894629,2024-09-Isfjorden-Mooring-02b
2024-09-18 06:30:26,78.2838923,14.5893532,2024-09-Isfjorden-Mooring-02b
2024-09-18 07:00:39,78.2839167,14.5891647,2024-09-Isfjorden-Mooring-02b
2024-09-18 07:30:37,78.2838728,14.5893458,2024-09-Isfjorden-Mooring-02b
2024-09-18 08:00:37,78.2839553,14.5888893,2024-09-Isfjorden-Mooring-02b
2024-09-18 08:30:27,78.2839892,14.5889442,2024-09-Isfjorden-Mooring-02b
2024-09-18 09:00:39,78.2840417,14.5888531,2024-09-Isfjorden-Mooring-02b
2024-09-18 09:30:36,78.2840043,14.588962,2024-09-Isfjorden-Mooring-02b
2024-09-18 10:00:37,78.2839876,14.5890047,2024-09-Isfjorden-Mooring-02b
2024-09-18 10:30:27,78.2839628,14.5891726,2024-09-Isfjorden-Mooring-02b
2024-09-18 11:00:37,78.2839401,14.5892369,2024-09-Isfjorden-Mooring-02b
2024-09-18 11:30:36,78.283944,14.5892487,2024-09-Isfjorden-Mooring-02b
2024-09-18 12:00:37,78.2839415,14.5892772,2024-09-Isfjorden-Mooring-02b
2024-09-18 12:30:26,78.2839673,14.5890991,2024-09-Isfjorden-Mooring-02b
2024-09-18 13:00:36,78.2839603,14.5893144,2024-09-Isfjorden-Mooring-02b
2024-09-18 13:30:36,78.2839201,14.5893959,2024-09-Isfjorden-Mooring-02b
2024-09-18 14:00:36,78.2838641,14.5895824,2024-09-Isfjorden-Mooring-02b
2024-09-18 14:30:27,78.2838195,14.589573,2024-09-Isfjorden-Mooring-02b
2024-09-18 15:00:37,78.2838442,14.5896214,2024-09-Isfjorden-Mooring-02b
2024-09-18 15:30:37,78.283855,14.5895479,2024-09-Isfjorden-Mooring-02b
2024-09-18 16:00:37,78.2838886,14.5894391,2024-09-Isfjorden-Mooring-02b
2024-09-18 16:30:27,78.2839121,14.5893504,2024-09-Isfjorden-Mooring-02b
2024-09-18 17:00:37,78.2839253,14.5892274,2024-09-Isfjorden-Mooring-02b
2024-09-18 17:30:37,78.2838974,14.589314,2024-09-Isfjorden-Mooring-02b
2024-09-18 18:00:37,78.2838452,14.5894206,2024-09-Isfjorden-Mooring-02b
2024-09-18 18:30:27,78.2838216,14.589348,2024-09-Isfjorden-Mooring-02b
2024-09-18 19:00:38,78.2838113,14.5892804,2024-09-Isfjorden-Mooring-02b
2024-09-18 19:30:36,78.2838595,14.5893434,2024-09-Isfjorden-Mooring-02b
2024-09-18 20:00:36,78.2838949,14.5891603,2024-09-Isfjorden-Mooring-02b
2024-09-18 20:30:27,78.2839101,14.5890226,2024-09-Isfjorden-Mooring-02b
2024-09-18 21:00:38,78.283843,14.5892684,2024-09-Isfjorden-Mooring-02b
2024-09-18 21:30:36,78.283816,14.5893812,2024-09-Isfjorden-Mooring-02b
2024-09-18 22:00:38,78.2838566,14.589298,2024-09-Isfjorden-Mooring-02b
2024-09-18 22:30:26,78.2838711,14.5891706,2024-09-Isfjorden-Mooring-02b
2024-09-18 23:00:37,78.2839152,14.5891652,2024-09-Isfjorden-Mooring-02b
2024-09-18 23:30:35,78.2839561,14.5889078,2024-09-Isfjorden-Mooring-02b
2024-09-19 00:00:38,78.2839958,14.5887133,2024-09-Isfjorden-Mooring-02b
2024-09-19 00:30:26,78.2839843,14.5888293,2024-09-Isfjorden-Mooring-02b
2024-09-19 01:00:38,78.2839872,14.5888531,2024-09-Isfjorden-Mooring-02b
2024-09-19 01:30:37,78.2839453,14.5890839,2024-09-Isfjorden-Mooring-02b
2024-09-19 02:00:37,78.2838833,14.5892282,2024-09-Isfjorden-Mooring-02b
2024-09-19 02:30:27,78.28388,14.589247,2024-09-Isfjorden-Mooring-02b
2024-09-19 03:00:38,78.2838493,14.58944,2024-09-Isfjorden-Mooring-02b
2024-09-19 03:30:37,78.2838634,14.5893953,2024-09-Isfjorden-Mooring-02b
2024-09-19 04:00:38,78.2839191,14.5892625,2024-09-Isfjorden-Mooring-02b
2024-09-19 04:30:26,78.2839102,14.5892744,2024-09-Isfjorden-Mooring-02b
2024-09-19 05:00:36,78.2838815,14.5893287,2024-09-Isfjorden-Mooring-02b
2024-09-19 05:30:36,78.2838354,14.5895538,2024-09-Isfjorden-Mooring-02b
2024-09-19 06:00:37,78.2838242,14.5895845,2024-09-Isfjorden-Mooring-02b
2024-09-19 06:30:26,78.2838245,14.5895442,2024-09-Isfjorden-Mooring-02b
2024-09-19 07:00:37,78.2837873,14.5895897,2024-09-Isfjorden-Mooring-02b
2024-09-19 07:30:37,78.283818,14.5895077,2024-09-Isfjorden-Mooring-02b
2024-09-19 08:00:35,78.2838795,14.5891664,2024-09-Isfjorden-Mooring-02b
2024-09-19 08:30:25,78.283883,14.5891403,2024-09-Isfjorden-Mooring-02b
2024-09-19 09:00:37,78.2838816,14.5891979,2024-09-Isfjorden-Mooring-02b
2024-09-19 09:30:36,78.283901,14.5891059,2024-09-Isfjorden-Mooring-02b
2024-09-19 10:00:37,78.2838963,14.5892354,2024-09-Isfjorden-Mooring-02b
2024-09-19 10:30:25,78.2838455,14.5894212,2024-09-Isfjorden-Mooring-02b
2024-09-19 11:00:36,78.2838334,14.5894385,2024-09-Isfjorden-Mooring-02b
2024-09-19 11:30:36,78.2838452,14.5894628,2024-09-Isfjorden-Mooring-02b
2024-09-19 12:00:37,78.283871,14.5892423,2024-09-Isfjorden-Mooring-02b
2024-09-19 12:30:27,78.2839958,14.588817,2024-09-Isfjorden-Mooring-02b
2024-09-19 13:00:37,78.2840538,14.5886576,2024-09-Isfjorden-Mooring-02b
2024-09-19 13:30:36,78.2840021,14.5887299,2024-09-Isfjorden-Mooring-02b
2024-09-19 14:00:37,78.2840039,14.5888041,2024-09-Isfjorden-Mooring-02b
2024-09-19 14:30:27,78.2839967,14.5888719,2024-09-Isfjorden-Mooring-02b
2024-09-19 15:00:37,78.283927,14.5890459,2024-09-Isfjorden-Mooring-02b
2024-09-19 15:30:36,78.28383,14.5894549,2024-09-Isfjorden-Mooring-02b
2024-09-19 16:00:38,78.2837661,14.5894469,2024-09-Isfjorden-Mooring-02b
2024-09-19 16:30:27,78.2838106,14.589493,2024-09-Isfjorden-Mooring-02b
2024-09-19 17:00:36,78.2838033,14.5895383,2024-09-Isfjorden-Mooring-02b
2024-09-19 17:30:36,78.2837274,14.5894607,2024-09-Isfjorden-Mooring-02b
2024-09-19 18:00:38,78.2837661,14.589626,2024-09-Isfjorden-Mooring-02b
2024-09-19 18:30:26,78.2837076,14.5898318,2024-09-Isfjorden-Mooring-02b
2024-09-19 19:00:38,78.2836747,14.5899479,2024-09-Isfjorden-Mooring-02b
2024-09-19 19:30:36,78.2837755,14.5895418,2024-09-Isfjorden-Mooring-02b
2024-09-19 20:00:37,78.2838219,14.58929,2024-09-Isfjorden-Mooring-02b
2024-09-19 20:30:26,78.2838196,14.5892511,2024-09-Isfjorden-Mooring-02b
2024-09-19 21:00:38,78.2838341,14.5891471,2024-09-Isfjorden-Mooring-02b
2024-09-19 22:00:38,78.2838208,14.589269,2024-09-Isfjorden-Mooring-02b
2024-09-19 22:30:27,78.2838251,14.589313,2024-09-Isfjorden-Mooring-02b
2024-09-19 23:00:37,78.2837854,14.5895242,2024-09-Isfjorden-Mooring-02b
2024-09-19 23:30:37,78.2837881,14.5894995,2024-09-Isfjorden-Mooring-02b
2024-09-20 00:00:38,78.2838643,14.5893651,2024-09-Isfjorden-Mooring-02b
2024-09-20 00:30:26,78.2838267,14.5893971,2024-09-Isfjorden-Mooring-02b
2024-09-20 01:00:37,78.283837,14.58956,2024-09-Isfjorden-Mooring-02b
2024-09-20 01:30:36,78.2838945,14.5893401,2024-09-Isfjorden-Mooring-02b
2024-09-20 02:00:36,78.2839017,14.5891902,2024-09-Isfjorden-Mooring-02b
2024-09-20 02:30:26,78.2839466,14.5891587,2024-09-Isfjorden-Mooring-02b
2024-09-20 03:00:37,78.283932,14.5891809,2024-09-Isfjorden-Mooring-02b
2024-09-20 03:30:36,78.2838643,14.5894743,2024-09-Isfjorden-Mooring-02b
2024-09-20 04:00:36,78.2838696,14.5894817,2024-09-Isfjorden-Mooring-02b
2024-09-20 04:30:26,78.2838314,14.589596,2024-09-Isfjorden-Mooring-02b
2024-09-20 05:00:35,78.2838204,14.5896657,2024-09-Isfjorden-Mooring-02b
2024-09-20 05:30:36,78.2837771,14.5897057,2024-09-Isfjorden-Mooring-02b
2024-09-20 06:00:37,78.2837665,14.5896704,2024-09-Isfjorden-Mooring-02b
2024-09-20 06:30:25,78.2837933,14.589725,2024-09-Isfjorden-Mooring-02b
2024-09-20 07:00:36,78.2837849,14.589812,2024-09-Isfjorden-Mooring-02b
2024-09-20 07:30:37,78.2837783,14.5898282,2024-09-Isfjorden-Mooring-02b
2024-09-20 08:00:36,78.2838049,14.5896385,2024-09-Isfjorden-Mooring-02b
2024-09-20 08:30:25,78.2838452,14.5894176,2024-09-Isfjorden-Mooring-02b
2024-09-20 09:00:36,78.2838386,14.5893804,2024-09-Isfjorden-Mooring-02b
2024-09-20 09:30:37,78.2838474,14.5892332,2024-09-Isfjorden-Mooring-02b
2024-09-20 10:00:37,78.2838464,14.589249,2024-09-Isfjorden-Mooring-02b
2024-09-20 10:30:25,78.2838496,14.5892005,2024-09-Isfjorden-Mooring-02b
2024-09-20 11:00:36,78.2838387,14.5893151,2024-09-Isfjorden-Mooring-02b
2024-09-20 11:30:36,78.2838431,14.5890937,2024-09-Isfjorden-Mooring-02b
2024-09-20 12:00:38,78.2838839,14.5891002,2024-09-Isfjorden-Mooring-02b
2024-09-20 12:30:26,78.2839138,14.5890945,2024-09-Isfjorden-Mooring-02b
2024-09-20 13:00:38,78.2839196,14.5890864,2024-09-Isfjorden-Mooring-02b
2024-09-20 13:30:36,78.283914,14.5891987,2024-09-Isfjorden-Mooring-02b
2024-09-20 14:00:36,78.2838967,14.5892424,2024-09-Isfjorden-Mooring-02b
2024-09-20 14:30:27,78.2837777,14.5895047,2024-09-Isfjorden-Mooring-02b
2024-09-20 15:00:38,78.2838188,14.5895964,2024-09-Isfjorden-Mooring-02b
2024-09-20 15:30:37,78.283811,14.5896679,2024-09-Isfjorden-Mooring-02b
2024-09-20 16:00:38,78.283803,14.5896939,2024-09-Isfjorden-Mooring-02b
2024-09-20 17:00:37,78.2838222,14.5895984,2024-09-Isfjorden-Mooring-02b
2024-09-20 17:30:36,78.2838095,14.5897645,2024-09-Isfjorden-Mooring-02b
2024-09-20 18:00:38,78.2838226,14.5896215,2024-09-Isfjorden-Mooring-02b
2024-09-20 18:30:27,78.2838509,14.5894611,2024-09-Isfjorden-Mooring-02b
2024-09-20 19:00:38,78.2838505,14.5894175,2024-09-Isfjorden-Mooring-02b
2024-09-20 19:30:36,78.2838438,14.5893624,2024-09-Isfjorden-Mooring-02b
2024-09-20 20:00:37,78.283836,14.589566,2024-09-Isfjorden-Mooring-02b
2024-09-20 20:30:27,78.283805,14.5897,2024-09-Isfjorden-Mooring-02b
2024-09-20 21:00:38,78.2837851,14.5897698,2024-09-Isfjorden-Mooring-02b
2024-09-20 21:30:36,78.2838229,14.5894647,2024-09-Isfjorden-Mooring-02b
2024-09-20 22:00:38,78.2838413,14.5892741,2024-09-Isfjorden-Mooring-02b
2024-09-20 22:30:27,78.2838328,14.5893671,2024-09-Isfjorden-Mooring-02b
2024-09-20 23:00:36,78.2837913,14.5895843,2024-09-Isfjorden-Mooring-02b
2024-09-20 23:30:37,78.2838259,14.5895276,2024-09-Isfjorden-Mooring-02b
2024-09-21 00:00:36,78.2838101,14.5896629,2024-09-Isfjorden-Mooring-02b
2024-09-21 01:00:37,78.2838258,14.5896116,2024-09-Isfjorden-Mooring-02b
2024-09-21 01:30:37,78.2837976,14.589613,2024-09-Isfjorden-Mooring-02b
2024-09-21 02:00:35,78.2837715,14.5897803,2024-09-Isfjorden-Mooring-02b
2024-09-21 02:30:26,78.2838007,14.5896832,2024-09-Isfjorden-Mooring-02b
2024-09-21 03:00:36,78.283794,14.589805,2024-09-Isfjorden-Mooring-02b
2024-09-21 03:30:35,78.283781,14.5899909,2024-09-Isfjorden-Mooring-02b
2024-09-21 04:00:36,78.2837542,14.5899953,2024-09-Isfjorden-Mooring-02b
2024-09-21 04:30:27,78.2837104,14.5902298,2024-09-Isfjorden-Mooring-02b
2024-09-21 05:00:36,78.2836904,14.5902776,2024-09-Isfjorden-Mooring-02b
2024-09-21 05:30:36,78.2836806,14.5904639,2024-09-Isfjorden-Mooring-02b
2024-09-21 06:00:37,78.2836828,14.59035,2024-09-Isfjorden-Mooring-02b
2024-09-21 06:30:27,78.2837426,14.5900436,2024-09-Isfjorden-Mooring-02b
2024-09-21 07:00:37,78.2837532,14.5899318,2024-09-Isfjorden-Mooring-02b
2024-09-21 07:30:37,78.2836769,14.5901758,2024-09-Isfjorden-Mooring-02b
2024-09-21 08:00:35,78.2836097,14.5904059,2024-09-Isfjorden-Mooring-02b
2024-09-21 08:30:26,78.2836328,14.5904113,2024-09-Isfjorden-Mooring-02b
2024-09-21 09:00:37,78.2836901,14.5900504,2024-09-Isfjorden-Mooring-02b
2024-09-21 09:30:35,78.2837864,14.5895733,2024-09-Isfjorden-Mooring-02b
2024-09-21 10:00:37,78.2837302,14.5897731,2024-09-Isfjorden-Mooring-02b
2024-09-21 10:30:26,78.2837365,14.5897633,2024-09-Isfjorden-Mooring-02b
2024-09-21 11:00:37,78.2837167,14.5899527,2024-09-Isfjorden-Mooring-02b
2024-09-21 11:30:36,78.2837045,14.5900873,2024-09-Isfjorden-Mooring-02b
2024-09-21 12:00:37,78.2837125,14.5901142,2024-09-Isfjorden-Mooring-02b
2024-09-21 12:30:27,78.2837397,14.5900786,2024-09-Isfjorden-Mooring-02b
2024-09-21 13:00:38,78.2837036,14.5898325,2024-09-Isfjorden-Mooring-02b
2024-09-21 13:30:37,78.2837455,14.5897763,2024-09-Isfjorden-Mooring-02b
2024-09-21 14:00:38,78.2837178,14.5898817,2024-09-Isfjorden-Mooring-02b
2024-09-21 14:30:27,78.2837322,14.5899049,2024-09-Isfjorden-Mooring-02b
2024-09-21 15:00:38,78.2837623,14.5897896,2024-09-Isfjorden-Mooring-02b
2024-09-21 15:30:37,78.2837701,14.5898251,2024-09-Isfjorden-Mooring-02b
2024-09-21 16:00:38,78.2837355,14.5899753,2024-09-Isfjorden-Mooring-02b
2024-09-21 16:30:26,78.2837037,14.5901698,2024-09-Isfjorden-Mooring-02b
2024-09-21 17:00:37,78.2837182,14.5901636,2024-09-Isfjorden-Mooring-02b
2024-09-21 17:30:36,78.2836996,14.5901648,2024-09-Isfjorden-Mooring-02b
2024-09-21 18:00:38,78.2836895,14.5902526,2024-09-Isfjorden-Mooring-02b
2024-09-21 18:30:27,78.2836529,14.5904953,2024-09-Isfjorden-Mooring-02b
2024-09-21 19:00:38,78.2836401,14.5905153,2024-09-Isfjorden-Mooring-02b
2024-09-21 19:30:37,78.2836956,14.5901586,2024-09-Isfjorden-Mooring-02b
2024-09-21 20:00:37,78.2837141,14.5900541,2024-09-Isfjorden-Mooring-02b
2024-09-21 20:30:26,78.2836833,14.590114,2024-09-Isfjorden-Mooring-02b
2024-09-21 21:00:38,78.2836958,14.589973,2024-09-Isfjorden-Mooring-02b
2024-09-21 21:30:36,78.2837272,14.5899627,2024-09-Isfjorden-Mooring-02b
2024-09-21 22:00:38,78.2837439,14.5898539,2024-09-Isfjorden-Mooring-02b
2024-09-21 22:30:26,78.2837107,14.5902356,2024-09-Isfjorden-Mooring-02b
2024-09-21 23:00:37,78.2837474,14.5899892,2024-09-Isfjorden-Mooring-02b
2024-09-21 23:30:36,78.2837513,14.5900645,2024-09-Isfjorden-Mooring-02b
2024-09-22 00:30:26,78.2837243,14.590301,2024-09-Isfjorden-Mooring-02b
2024-09-22 01:00:37,78.2837527,14.5896868,2024-09-Isfjorden-Mooring-02b
2024-09-22 01:30:36,78.2838607,14.5891354,2024-09-Isfjorden-Mooring-02b
2024-09-22 02:00:35,78.2838749,14.5891729,2024-09-Isfjorden-Mooring-02b
2024-09-22 02:30:28,78.283818,14.5894151,2024-09-Isfjorden-Mooring-02b
2024-09-22 03:00:37,78.2837883,14.5894771,2024-09-Isfjorden-Mooring-02b
2024-09-22 03:30:36,78.2837656,14.5895121,2024-09-Isfjorden-Mooring-02b
2024-09-22 04:00:39,78.283816,14.5895149,2024-09-Isfjorden-Mooring-02b
2024-09-22 04:30:26,78.2838501,14.5894213,2024-09-Isfjorden-Mooring-02b
2024-09-22 05:00:36,78.2838735,14.5893721,2024-09-Isfjorden-Mooring-02b
2024-09-22 05:30:36,78.2838785,14.5893384,2024-09-Isfjorden-Mooring-02b
2024-09-22 06:00:37,78.2839146,14.5893435,2024-09-Isfjorden-Mooring-02b
2024-09-22 06:30:27,78.2839227,14.5892843,2024-09-Isfjorden-Mooring-02b
2024-09-22 07:30:36,78.2839203,14.5893022,2024-09-Isfjorden-Mooring-02b
2024-09-22 08:00:36,78.2839244,14.5891828,2024-09-Isfjorden-Mooring-02b
2024-09-22 08:30:26,78.2839142,14.5890675,2024-09-Isfjorden-Mooring-02b
2024-09-22 09:00:37,78.2839929,14.5890421,2024-09-Isfjorden-Mooring-02b
2024-09-22 09:30:37,78.2840185,14.5892252,2024-09-Isfjorden-Mooring-02b
2024-09-22 10:00:37,78.2840816,14.5893949,2024-09-Isfjorden-Mooring-02b
2024-09-22 10:30:26,78.2841717,14.589209,2024-09-Isfjorden-Mooring-02b
2024-09-22 11:00:36,78.2841056,14.5894243,2024-09-Isfjorden-Mooring-02b
2024-09-22 11:30:37,78.2840295,14.5894917,2024-09-Isfjorden-Mooring-02b
2024-09-22 12:00:38,78.284043,14.5895257,2024-09-Isfjorden-Mooring-02b
2024-09-22 12:30:27,78.2840733,14.5893924,2024-09-Isfjorden-Mooring-02b
2024-09-22 13:00:38,78.2840905,14.5894683,2024-09-Isfjorden-Mooring-02b
2024-09-22 13:30:37,78.2841496,14.589553,2024-09-Isfjorden-Mooring-02b
2024-09-22 14:00:36,78.2841992,14.5895083,2024-09-Isfjorden-Mooring-02b
2024-09-22 14:30:27,78.2841508,14.5892063,2024-09-Isfjorden-Mooring-02b
2024-09-22 15:00:38,78.2840095,14.5892229,2024-09-Isfjorden-Mooring-02b
2024-09-22 15:30:37,78.2838508,14.5894924,2024-09-Isfjorden-Mooring-02b
2024-09-22 16:00:38,78.2838159,14.5897021,2024-09-Isfjorden-Mooring-02b
2024-09-22 16:30:27,78.2838061,14.5895991,2024-09-Isfjorden-Mooring-02b
2024-09-22 17:00:37,78.2838047,14.5896724,2024-09-Isfjorden-Mooring-02b
2024-09-22 17:30:36,78.2837998,14.5896979,2024-09-Isfjorden-Mooring-02b
2024-09-22 18:30:26,78.2837822,14.5898603,2024-09-Isfjorden-Mooring-02b
2024-09-22 19:00:38,78.2837948,14.5898872,2024-09-Isfjorden-Mooring-02b
2024-09-22 19:30:37,78.2837943,14.5898648,2024-09-Isfjorden-Mooring-02b
2024-09-22 20:00:36,78.283804,14.589729,2024-09-Isfjorden-Mooring-02b
2024-09-22 20:30:27,78.2837848,14.5898417,2024-09-Isfjorden-Mooring-02b
2024-09-22 21:00:38,78.2837735,14.5900767,2024-09-Isfjorden-Mooring-02b
2024-09-22 21:30:37,78.2837486,14.590489,2024-09-Isfjorden-Mooring-02b
2024-09-22 22:00:38,78.2837459,14.5904531,2024-09-Isfjorden-Mooring-02b
2024-09-22 22:30:26,78.2837288,14.590802,2024-09-Isfjorden-Mooring-02b
2024-09-22 23:00:37,78.2836664,14.5914546,2024-09-Isfjorden-Mooring-02b
2024-09-22 23:30:36,78.283638,14.5913606,2024-09-Isfjorden-Mooring-02b
2024-09-23 00:30:26,78.2836563,14.5914246,2024-09-Isfjorden-Mooring-02b
2024-09-23 01:00:38,78.283644,14.591506,2024-09-Isfjorden-Mooring-02b
2024-09-23 01:30:36,78.2836869,14.5912957,2024-09-Isfjorden-Mooring-02b
2024-09-23 02:00:36,78.2836893,14.5914372,2024-09-Isfjorden-Mooring-02b
2024-09-23 02:30:27,78.2836801,14.5911915,2024-09-Isfjorden-Mooring-02b
2024-09-23 03:00:36,78.2837209,14.5907006,2024-09-Isfjorden-Mooring-02b
2024-09-23 03:30:35,78.2836651,14.5905761,2024-09-Isfjorden-Mooring-02b
2024-09-23 04:00:36,78.2837242,14.5900718,2024-09-Isfjorden-Mooring-02b
2024-09-23 04:30:26,78.2837099,14.5901536,2024-09-Isfjorden-Mooring-02b
2024-09-23 05:00:36,78.2837194,14.5900999,2024-09-Isfjorden-Mooring-02b
2024-09-23 05:30:37,78.2837548,14.5901207,2024-09-Isfjorden-Mooring-02b
2024-09-23 06:00:37,78.2838017,14.5899446,2024-09-Isfjorden-Mooring-02b
2024-09-23 06:30:27,78.2837656,14.5897919,2024-09-Isfjorden-Mooring-02b
2024-09-23 07:00:37,78.2837936,14.5896854,2024-09-Isfjorden-Mooring-02b
2024-09-23 07:30:36,78.2837853,14.5896642,2024-09-Isfjorden-Mooring-02b
2024-09-23 08:00:36,78.2837665,14.5896423,2024-09-Isfjorden-Mooring-02b
2024-09-23 08:30:26,78.2838035,14.5895729,2024-09-Isfjorden-Mooring-02b
2024-09-23 09:00:37,78.2837776,14.5897711,2024-09-Isfjorden-Mooring-02b
2024-09-23 09:30:36,78.2837443,14.5900627,2024-09-Isfjorden-Mooring-02b
2024-09-23 10:00:37,78.2837437,14.5900837,2024-09-Isfjorden-Mooring-02b
2024-09-23 10:30:26,78.2837431,14.5901212,2024-09-Isfjorden-Mooring-02b
2024-09-23 11:00:36,78.2837612,14.5902057,2024-09-Isfjorden-Mooring-02b
2024-09-23 11:30:36,78.2837729,14.5901156,2024-09-Isfjorden-Mooring-02b
2024-09-23 12:00:38,78.2837445,14.590399,2024-09-Isfjorden-Mooring-02b
2024-09-23 12:30:26,78.2836641,14.5907105,2024-09-Isfjorden-Mooring-02b
2024-09-23 13:00:37,78.2836996,14.5905617,2024-09-Isfjorden-Mooring-02b
2024-09-23 13:30:37,78.2836876,14.5906809,2024-09-Isfjorden-Mooring-02b
2024-09-23 14:00:36,78.2836848,14.5904208,2024-09-Isfjorden-Mooring-02b
2024-09-23 14:30:26,78.2838476,14.5897345,2024-09-Isfjorden-Mooring-02b
2024-09-23 15:00:37,78.2838601,14.5896611,2024-09-Isfjorden-Mooring-02b
2024-09-23 15:30:36,78.2838166,14.5898772,2024-09-Isfjorden-Mooring-02b
2024-09-23 16:00:37,78.2838006,14.5900092,2024-09-Isfjorden-Mooring-02b
2024-09-23 16:30:27,78.2838043,14.589739,2024-09-Isfjorden-Mooring-02b
2024-09-23 17:00:37,78.2838026,14.5896681,2024-09-Isfjorden-Mooring-02b
2024-09-23 17:30:36,78.2838062,14.5897828,2024-09-Isfjorden-Mooring-02b
2024-09-23 18:00:37,78.2838004,14.5898104,2024-09-Isfjorden-Mooring-02b
2024-09-23 18:30:27,78.2837798,14.5899848,2024-09-Isfjorden-Mooring-02b
2024-09-23 19:00:37,78.2837629,14.5901284,2024-09-Isfjorden-Mooring-02b
2024-09-23 19:30:37,78.283787,14.5899721,2024-09-Isfjorden-Mooring-02b
2024-09-23 20:00:37,78.2837479,14.5901116,2024-09-Isfjorden-Mooring-02b
2024-09-23 20:30:26,78.2836711,14.5905094,2024-09-Isfjorden-Mooring-02b
2024-09-23 21:00:38,78.283645,14.5906385,2024-09-Isfjorden-Mooring-02b
2024-09-23 21:30:37,78.2836243,14.5905505,2024-09-Isfjorden-Mooring-02b
2024-09-23 22:00:38,78.2836068,14.5905059,2024-09-Isfjorden-Mooring-02b
2024-09-23 22:30:26,78.2835935,14.5906148,2024-09-Isfjorden-Mooring-02b
2024-09-23 23:00:36,78.2835937,14.590691,2024-09-Isfjorden-Mooring-02b
2024-09-23 23:30:37,78.2836009,14.5906368,2024-09-Isfjorden-Mooring-02b
2024-09-24 00:00:38,78.2835906,14.5906507,2024-09-Isfjorden-Mooring-02b
2024-09-24 00:30:26,78.2836099,14.5907154,2024-09-Isfjorden-Mooring-02b
2024-09-24 01:00:38,78.2836425,14.5904362,2024-09-Isfjorden-Mooring-02b
2024-09-24 01:30:37,78.283615,14.5905298,2024-09-Isfjorden-Mooring-02b
2024-09-24 02:00:37,78.2837177,14.5900471,2024-09-Isfjorden-Mooring-02b
2024-09-24 02:30:26,78.2837747,14.5899037,2024-09-Isfjorden-Mooring-02b
2024-09-24 03:00:38,78.2838419,14.5893702,2024-09-Isfjorden-Mooring-02b
2024-09-24 03:30:37,78.2839042,14.5892409,2024-09-Isfjorden-Mooring-02b
2024-09-24 04:00:38,78.2839589,14.5890806,2024-09-Isfjorden-Mooring-02b
2024-09-24 04:30:26,78.2839672,14.5890185,2024-09-Isfjorden-Mooring-02b
2024-09-24 05:00:36,78.2839853,14.5888966,2024-09-Isfjorden-Mooring-02b
2024-09-24 05:30:36,78.2839488,14.5889475,2024-09-Isfjorden-Mooring-02b
2024-09-24 06:00:38,78.2838693,14.5891344,2024-09-Isfjorden-Mooring-02b
2024-09-24 06:30:26,78.2838427,14.5892822,2024-09-Isfjorden-Mooring-02b
2024-09-24 07:00:38,78.2838782,14.5892478,2024-09-Isfjorden-Mooring-02b
2024-09-24 08:00:37,78.2839129,14.5892383,2024-09-Isfjorden-Mooring-02b
2024-09-24 08:30:26,78.2839104,14.5892845,2024-09-Isfjorden-Mooring-02b
2024-09-24 09:00:38,78.2838652,14.589474,2024-09-Isfjorden-Mooring-02b
2024-09-24 09:30:36,78.2838251,14.5896134,2024-09-Isfjorden-Mooring-02b
2024-09-24 10:00:38,78.2838487,14.5897175,2024-09-Isfjorden-Mooring-02b
2024-09-24 10:30:27,78.2838007,14.5898379,2024-09-Isfjorden-Mooring-02b
2024-09-24 11:00:35,78.2837636,14.590105,2024-09-Isfjorden-Mooring-02b
2024-09-24 11:30:36,78.2837615,14.5900832,2024-09-Isfjorden-Mooring-02b
2024-09-24 12:30:26,78.2837568,14.5903627,2024-09-Isfjorden-Mooring-02b
2024-09-24 13:00:36,78.2837601,14.5903827,2024-09-Isfjorden-Mooring-02b
2024-09-24 13:30:37,78.2837624,14.5904091,2024-09-Isfjorden-Mooring-02b
2024-09-24 14:00:37,78.2837516,14.5904536,2024-09-Isfjorden-Mooring-02b
2024-09-24 14:30:26,78.2837499,14.5903569,2024-09-Isfjorden-Mooring-02b
2024-09-24 15:00:37,78.2837439,14.5903145,2024-09-Isfjorden-Mooring-02b
2024-09-24 15:30:36,78.2837676,14.590121,2024-09-Isfjorden-Mooring-02b
2024-09-24 16:00:37,78.2837742,14.5900542,2024-09-Isfjorden-Mooring-02b
2024-09-24 16:30:27,78.2837217,14.5900148,2024-09-Isfjorden-Mooring-02b
2024-09-24 17:00:37,78.2837087,14.5902264,2024-09-Isfjorden-Mooring-02b
2024-09-24 17:30:37,78.2837114,14.5902269,2024-09-Isfjorden-Mooring-02b
2024-09-24 18:00:37,78.2837112,14.5901277,2024-09-Isfjorden-Mooring-02b
2024-09-24 18:30:27,78.2837156,14.5901178,2024-09-Isfjorden-Mooring-02b
2024-09-24 19:00:37,78.2837145,14.5902169,2024-09-Isfjorden-Mooring-02b
2024-09-24 19:30:37,78.2836973,14.5901848,2024-09-Isfjorden-Mooring-02b
2024-09-24 20:00:37,78.283687,14.5901676,2024-09-Isfjorden-Mooring-02b
2024-09-24 20:30:27,78.2836833,14.5898832,2024-09-Isfjorden-Mooring-02b
2024-09-24 21:00:37,78.2837264,14.5900561,2024-09-Isfjorden-Mooring-02b
2024-09-24 21:30:37,78.2837076,14.5900229,2024-09-Isfjorden-Mooring-02b
2024-09-24 22:00:37,78.2836906,14.5902731,2024-09-Isfjorden-Mooring-02b
2024-09-24 22:30:27,78.2836871,14.590401,2024-09-Isfjorden-Mooring-02b
2024-09-24 23:00:36,78.2836773,14.5905784,2024-09-Isfjorden-Mooring-02b
2024-09-24 23:30:35,78.2836364,14.590589,2024-09-Isfjorden-Mooring-02b
2024-09-25 00:00:37,78.283669,14.5904559,2024-09-Isfjorden-Mooring-02b
2024-09-25 00:30:27,78.2837142,14.5905895,2024-09-Isfjorden-Mooring-02b
2024-09-25 01:00:37,78.283634,14.5906889,2024-09-Isfjorden-Mooring-02b
2024-09-25 01:30:37,78.2836658,14.5905893,2024-09-Isfjorden-Mooring-02b
2024-09-25 02:00:37,78.2837209,14.5901704,2024-09-Isfjorden-Mooring-02b
2024-09-25 02:30:26,78.2837323,14.590116,2024-09-Isfjorden-Mooring-02b
2024-09-25 03:00:37,78.2837307,14.5902941,2024-09-Isfjorden-Mooring-02b
2024-09-25 03:30:36,78.2837478,14.5901975,2024-09-Isfjorden-Mooring-02b
2024-09-25 04:00:37,78.2837351,14.5902376,2024-09-Isfjorden-Mooring-02b
2024-09-25 04:30:26,78.2837558,14.5900138,2024-09-Isfjorden-Mooring-02b
2024-09-25 05:00:37,78.2836946,14.5900774,2024-09-Isfjorden-Mooring-02b
2024-09-25 05:30:36,78.2836525,14.590344,2024-09-Isfjorden-Mooring-02b
2024-09-25 06:00:38,78.283738,14.5903392,2024-09-Isfjorden-Mooring-02b
2024-09-25 06:30:25,78.2837771,14.5901831,2024-09-Isfjorden-Mooring-02b
2024-09-25 07:00:37,78.2837953,14.5897347,2024-09-Isfjorden-Mooring-02b
2024-09-25 07:30:37,78.2837706,14.5898822,2024-09-Isfjorden-Mooring-02b
2024-09-25 08:00:37,78.2837778,14.5900024,2024-09-Isfjorden-Mooring-02b
2024-09-25 08:30:27,78.2837634,14.5900041,2024-09-Isfjorden-Mooring-02b
2024-09-25 09:30:36,78.2837846,14.5898238,2024-09-Isfjorden-Mooring-02b
2024-09-25 10:00:38,78.2837798,14.5899763,2024-09-Isfjorden-Mooring-02b
2024-09-25 10:30:27,78.2837516,14.5901129,2024-09-Isfjorden-Mooring-02b
2024-09-25 11:00:37,78.2837686,14.5902733,2024-09-Isfjorden-Mooring-02b
2024-09-25 11:30:37,78.2838115,14.5899931,2024-09-Isfjorden-Mooring-02b
2024-09-25 12:00:38,78.2837932,14.5900337,2024-09-Isfjorden-Mooring-02b
2024-09-25 12:30:27,78.2837666,14.5902062,2024-09-Isfjorden-Mooring-02b
2024-09-25 13:00:38,78.2837362,14.5903275,2024-09-Isfjorden-Mooring-02b
2024-09-25 13:30:37,78.2837317,14.5900575,2024-09-Isfjorden-Mooring-02b
2024-09-25 14:00:37,78.2837335,14.5901407,2024-09-Isfjorden-Mooring-02b
2024-09-25 14:30:26,78.283707,14.5901741,2024-09-Isfjorden-Mooring-02b
2024-09-25 15:00:38,78.2835996,14.5908897,2024-09-Isfjorden-Mooring-02b
2024-09-25 15:30:38,78.2836268,14.5907724,2024-09-Isfjorden-Mooring-02b
2024-09-25 16:00:36,78.2836796,14.5904869,2024-09-Isfjorden-Mooring-02b
2024-09-25 16:30:27,78.2836932,14.5902,2024-09-Isfjorden-Mooring-02b
2024-09-25 17:00:37,78.2836776,14.5902268,2024-09-Isfjorden-Mooring-02b
2024-09-25 17:30:36,78.2837411,14.5898466,2024-09-Isfjorden-Mooring-02b
2024-09-25 18:00:38,78.283752,14.5897352,2024-09-Isfjorden-Mooring-02b
2024-09-25 18:30:28,78.2837657,14.5894481,2024-09-Isfjorden-Mooring-02b
2024-09-25 19:00:38,78.2837813,14.5896293,2024-09-Isfjorden-Mooring-02b
2024-09-25 19:30:37,78.2837807,14.5895031,2024-09-Isfjorden-Mooring-02b
2024-09-25 20:00:38,78.2838014,14.5895164,2024-09-Isfjorden-Mooring-02b
2024-09-25 20:30:27,78.2838795,14.589492,2024-09-Isfjorden-Mooring-02b
2024-09-25 21:00:38,78.2838963,14.5893534,2024-09-Isfjorden-Mooring-02b
2024-09-25 21:30:38,78.2840691,14.5890955,2024-09-Isfjorden-Mooring-02b
2024-09-25 22:00:38,78.2838093,14.5895941,2024-09-Isfjorden-Mooring-02b
2024-09-25 22:30:27,78.2837591,14.5897158,2024-09-Isfjorden-Mooring-02b
2024-09-25 23:00:37,78.2837562,14.5895327,2024-09-Isfjorden-Mooring-02b
2024-09-25 23:30:38,78.2837787,14.5895942,2024-09-Isfjorden-Mooring-02b
2024-09-26 00:00:38,78.2837886,14.5894298,2024-09-Isfjorden-Mooring-02b
2024-09-26 00:30:27,78.2838886,14.5889585,2024-09-Isfjorden-Mooring-02b
2024-09-26 01:00:38,78.2839066,14.5887864,2024-09-Isfjorden-Mooring-02b
2024-09-26 01:30:37,78.2839772,14.5886568,2024-09-Isfjorden-Mooring-02b
2024-09-26 02:00:37,78.2839773,14.5885653,2024-09-Isfjorden-Mooring-02b
2024-09-26 02:30:27,78.2839717,14.588561,2024-09-Isfjorden-Mooring-02b
2024-09-26 03:00:38,78.2839869,14.5886471,2024-09-Isfjorden-Mooring-02b
2024-09-26 03:30:38,78.2839154,14.5888906,2024-09-Isfjorden-Mooring-02b
2024-09-26 04:00:39,78.2839019,14.589033,2024-09-Isfjorden-Mooring-02b
2024-09-26 05:00:37,78.2839015,14.5891313,2024-09-Isfjorden-Mooring-02b
2024-09-26 05:30:37,78.2838952,14.5892488,2024-09-Isfjorden-Mooring-02b
2024-09-26 06:00:39,78.2838775,14.5892171,2024-09-Isfjorden-Mooring-02b
2024-09-26 06:30:27,78.2838293,14.5894581,2024-09-Isfjorden-Mooring-02b
2024-09-26 07:00:39,78.2838024,14.5895285,2024-09-Isfjorden-Mooring-02b
2024-09-26 07:30:38,78.283783,14.5895744,2024-09-Isfjorden-Mooring-02b
2024-09-26 08:00:38,78.2837646,14.5897759,2024-09-Isfjorden-Mooring-02b
2024-09-26 08:30:27,78.2837644,14.5898889,2024-09-Isfjorden-Mooring-02b
2024-09-26 09:00:37,78.2837148,14.5901816,2024-09-Isfjorden-Mooring-02b
2024-09-26 09:30:36,78.2837532,14.5901222,2024-09-Isfjorden-Mooring-02b
2024-09-26 10:00:38,78.2837324,14.5901602,2024-09-Isfjorden-Mooring-02b
2024-09-26 10:30:25,78.2837449,14.5900691,2024-09-Isfjorden-Mooring-02b
2024-09-26 11:00:36,78.2837495,14.5901499,2024-09-Isfjorden-Mooring-02b
2024-09-26 11:30:36,78.2836924,14.5903412,2024-09-Isfjorden-Mooring-02b
2024-09-26 12:00:38,78.2836519,14.5904475,2024-09-Isfjorden-Mooring-02b
2024-09-26 12:30:27,78.2836478,14.5904763,2024-09-Isfjorden-Mooring-02b
2024-09-26 13:00:38,78.2835932,14.5907418,2024-09-Isfjorden-Mooring-02b
2024-09-26 13:30:36,78.2836277,14.5903819,2024-09-Isfjorden-Mooring-02b
2024-09-26 14:00:37,78.2836861,14.5901669,2024-09-Isfjorden-Mooring-02b
2024-09-26 14:30:27,78.2836477,14.590487,2024-09-Isfjorden-Mooring-02b
2024-09-26 15:00:38,78.2836547,14.590332,2024-09-Isfjorden-Mooring-02b
2024-09-26 15:30:37,78.2836484,14.5903423,2024-09-Isfjorden-Mooring-02b
2024-09-26 16:00:36,78.283687,14.5902596,2024-09-Isfjorden-Mooring-02b
2024-09-26 16:30:25,78.2836822,14.5901054,2024-09-Isfjorden-Mooring-02b
2024-09-26 17:00:35,78.2836285,14.5902494,2024-09-Isfjorden-Mooring-02b
2024-09-26 17:30:35,78.2836504,14.5901345,2024-09-Isfjorden-Mooring-02b
2024-09-26 18:00:36,78.2836654,14.5899819,2024-09-Isfjorden-Mooring-02b
2024-09-26 18:30:26,78.2837248,14.5897253,2024-09-Isfjorden-Mooring-02b
2024-09-26 19:00:36,78.28371,14.5898431,2024-09-Isfjorden-Mooring-02b
2024-09-26 19:30:37,78.2836784,14.5900579,2024-09-Isfjorden-Mooring-02b
2024-09-26 20:00:35,78.2836087,14.5903795,2024-09-Isfjorden-Mooring-02b
2024-09-26 20:30:28,78.2835535,14.5907121,2024-09-Isfjorden-Mooring-02b
2024-09-26 21:00:37,78.283524,14.5911771,2024-09-Isfjorden-Mooring-02b
2024-09-26 21:30:37,78.283507,14.5916316,2024-09-Isfjorden-Mooring-02b
2024-09-26 22:00:37,78.2835021,14.591654,2024-09-Isfjorden-Mooring-02b
2024-09-26 22:30:26,78.2835563,14.5910546,2024-09-Isfjorden-Mooring-02b
2024-09-26 23:00:35,78.2836302,14.5903284,2024-09-Isfjorden-Mooring-02b
2024-09-26 23:30:36,78.2836626,14.5900118,2024-09-Isfjorden-Mooring-02b
2024-09-27 00:00:37,78.2838196,14.589324,2024-09-Isfjorden-Mooring-02b
2024-09-27 00:30:27,78.2838391,14.5891313,2024-09-Isfjorden-Mooring-02b
2024-09-27 01:00:37,78.2838241,14.5891607,2024-09-Isfjorden-Mooring-02b
2024-09-27 01:30:37,78.2839178,14.5889311,2024-09-Isfjorden-Mooring-02b
2024-09-27 02:00:36,78.2839499,14.5888104,2024-09-Isfjorden-Mooring-02b
2024-09-27 02:30:27,78.2840451,14.58856,2024-09-Isfjorden-Mooring-02b
2024-09-27 03:00:37,78.2840261,14.5886715,2024-09-Isfjorden-Mooring-02b
2024-09-27 03:30:37,78.2840001,14.5887289,2024-09-Isfjorden-Mooring-02b
2024-09-27 04:00:37,78.283992,14.5887264,2024-09-Isfjorden-Mooring-02b
2024-09-27 04:30:27,78.2839791,14.5888018,2024-09-Isfjorden-Mooring-02b
2024-09-27 05:00:37,78.2840248,14.5886351,2024-09-Isfjorden-Mooring-02b
2024-09-27 05:30:36,78.2840093,14.5887105,2024-09-Isfjorden-Mooring-02b
2024-09-27 06:00:37,78.2839622,14.5888427,2024-09-Isfjorden-Mooring-02b
2024-09-27 06:30:27,78.2839293,14.5888712,2024-09-Isfjorden-Mooring-02b
2024-09-27 07:00:38,78.2838659,14.5891161,2024-09-Isfjorden-Mooring-02b
2024-09-27 07:30:37,78.2838342,14.5893961,2024-09-Isfjorden-Mooring-02b
2024-09-27 08:00:36,78.2837619,14.5897422,2024-09-Isfjorden-Mooring-02b
2024-09-27 08:30:27,78.283774,14.589973,2024-09-Isfjorden-Mooring-02b
2024-09-27 09:00:37,78.283771,14.5899408,2024-09-Isfjorden-Mooring-02b
2024-09-27 09:30:36,78.2837549,14.5899583,2024-09-Isfjorden-Mooring-02b
2024-09-27 10:00:38,78.2836967,14.5902942,2024-09-Isfjorden-Mooring-02b
2024-09-27 10:30:27,78.2835889,14.5907735,2024-09-Isfjorden-Mooring-02b
2024-09-27 11:00:36,78.2835171,14.5914962,2024-09-Isfjorden-Mooring-02b
2024-09-27 11:30:37,78.2834861,14.5917681,2024-09-Isfjorden-Mooring-02b
2024-09-27 12:00:39,78.283469,14.5918732,2024-09-Isfjorden-Mooring-02b
2024-09-27 12:30:27,78.2835235,14.5914537,2024-09-Isfjorden-Mooring-02b
2024-09-27 13:00:39,78.2835885,14.5909536,2024-09-Isfjorden-Mooring-02b
2024-09-27 13:30:37,78.2836046,14.5908017,2024-09-Isfjorden-Mooring-02b
2024-09-27 14:00:37,78.283642,14.5904422,2024-09-Isfjorden-Mooring-02b
2024-09-27 14:30:27,78.2836542,14.5904833,2024-09-Isfjorden-Mooring-02b
2024-09-27 15:00:39,78.2835773,14.5909858,2024-09-Isfjorden-Mooring-02b
2024-09-27 15:30:37,78.2835053,14.5914374,2024-09-Isfjorden-Mooring-02b
2024-09-27 16:00:39,78.2835719,14.5907303,2024-09-Isfjorden-Mooring-02b
2024-09-27 16:30:26,78.2835742,14.5911185,2024-09-Isfjorden-Mooring-02b
2024-09-27 17:00:37,78.2838079,14.5895913,2024-09-Isfjorden-Mooring-02b
2024-09-27 17:30:36,78.283705,14.5899499,2024-09-Isfjorden-Mooring-02b
2024-09-27 18:00:38,78.2838249,14.5895096,2024-09-Isfjorden-Mooring-02b
2024-09-27 18:30:27,78.2838178,14.5894382,2024-09-Isfjorden-Mooring-02b
2024-09-27 19:00:38,78.2841787,14.5883069,2024-09-Isfjorden-Mooring-02b
2024-09-27 19:30:35,78.2843338,14.5880138,2024-09-Isfjorden-Mooring-02b
2024-09-27 20:00:36,78.2843377,14.587943,2024-09-Isfjorden-Mooring-02b
2024-09-27 20:30:26,78.2843034,14.5880241,2024-09-Isfjorden-Mooring-02b
2024-09-27 21:00:37,78.2842622,14.5880197,2024-09-Isfjorden-Mooring-02b
2024-09-27 21:30:36,78.2841866,14.5882174,2024-09-Isfjorden-Mooring-02b
2024-09-27 22:00:36,78.2841435,14.588295,2024-09-Isfjorden-Mooring-02b
2024-09-27 22:30:26,78.2840979,14.5882819,2024-09-Isfjorden-Mooring-02b
2024-09-27 23:00:36,78.2841171,14.5883087,2024-09-Isfjorden-Mooring-02b
2024-09-27 23:30:35,78.2841488,14.5882654,2024-09-Isfjorden-Mooring-02b
2024-09-28 00:00:37,78.2841423,14.5883391,2024-09-Isfjorden-Mooring-02b
2024-09-28 00:30:25,78.2841431,14.588321,2024-09-Isfjorden-Mooring-02b
2024-09-28 01:00:37,78.2841197,14.5884413,2024-09-Isfjorden-Mooring-02b
2024-09-28 01:30:36,78.2841047,14.5885232,2024-09-Isfjorden-Mooring-02b
2024-09-28 02:00:36,78.2840543,14.5885554,2024-09-Isfjorden-Mooring-02b
2024-09-28 02:30:26,78.2840343,14.5886119,2024-09-Isfjorden-Mooring-02b
2024-09-28 03:00:37,78.2840389,14.5885671,2024-09-Isfjorden-Mooring-02b
2024-09-28 03:30:36,78.2840643,14.5884388,2024-09-Isfjorden-Mooring-02b
2024-09-28 04:00:37,78.2841369,14.5882826,2024-09-Isfjorden-Mooring-02b
2024-09-28 04:30:27,78.2842109,14.5881535,2024-09-Isfjorden-Mooring-02b
2024-09-28 05:00:37,78.2842418,14.5881187,2024-09-Isfjorden-Mooring-02b
2024-09-28 05:30:36,78.2842578,14.5880447,2024-09-Isfjorden-Mooring-02b
2024-09-28 06:00:37,78.2843465,14.5879084,2024-09-Isfjorden-Mooring-02b
2024-09-28 06:30:26,78.2844395,14.5878703,2024-09-Isfjorden-Mooring-02b
2024-09-28 07:00:37,78.2844506,14.587988,2024-09-Isfjorden-Mooring-02b
2024-09-28 07:30:37,78.2843945,14.5880711,2024-09-Isfjorden-Mooring-02b
2024-09-28 08:00:37,78.2844084,14.5881268,2024-09-Isfjorden-Mooring-02b
2024-09-28 08:30:26,78.284375,14.5880965,2024-09-Isfjorden-Mooring-02b
2024-09-28 09:00:37,78.2843342,14.5882912,2024-09-Isfjorden-Mooring-02b
2024-09-28 09:30:36,78.2843303,14.5882279,2024-09-Isfjorden-Mooring-02b
2024-09-28 10:00:37,78.2843677,14.5883071,2024-09-Isfjorden-Mooring-02b
2024-09-28 10:30:27,78.2843856,14.5883001,2024-09-Isfjorden-Mooring-02b
2024-09-28 11:00:36,78.2843274,14.5883203,2024-09-Isfjorden-Mooring-02b
2024-09-28 11:30:37,78.2842909,14.5884074,2024-09-Isfjorden-Mooring-02b
2024-09-28 12:00:37,78.2842848,14.5884481,2024-09-Isfjorden-Mooring-02b
2024-09-28 12:30:27,78.2842105,14.5885713,2024-09-Isfjorden-Mooring-02b
2024-09-28 13:00:38,78.2842288,14.5886591,2024-09-Isfjorden-Mooring-02b
2024-09-28 13:30:36,78.2842458,14.5886653,2024-09-Isfjorden-Mooring-02b
2024-09-28 14:00:36,78.2841556,14.5888639,2024-09-Isfjorden-Mooring-02b
2024-09-28 14:30:26,78.2841543,14.5891552,2024-09-Isfjorden-Mooring-02b
2024-09-28 15:00:38,78.2841552,14.5892346,2024-09-Isfjorden-Mooring-02b
2024-09-28 15:30:37,78.2840167,14.5891878,2024-09-Isfjorden-Mooring-02b
2024-09-28 16:00:38,78.2839869,14.58933,2024-09-Isfjorden-Mooring-02b
2024-09-28 16:30:26,78.2839859,14.5891241,2024-09-Isfjorden-Mooring-02b
2024-09-28 17:00:36,78.2840817,14.5891106,2024-09-Isfjorden-Mooring-02b
2024-09-28 17:30:36,78.2841248,14.589016,2024-09-Isfjorden-Mooring-02b
2024-09-28 18:00:38,78.2842178,14.5890119,2024-09-Isfjorden-Mooring-02b
2024-09-28 18:30:26,78.2842471,14.5892196,2024-09-Isfjorden-Mooring-02b
2024-09-28 19:00:39,78.2843657,14.5895717,2024-09-Isfjorden-Mooring-02b
2024-09-28 19:30:37,78.2844817,14.5897495,2024-09-Isfjorden-Mooring-02b
2024-09-28 20:00:36,78.2845211,14.5899958,2024-09-Isfjorden-Mooring-02b
2024-09-28 20:30:27,78.2845372,14.5901843,2024-09-Isfjorden-Mooring-02b
2024-09-28 21:00:37,78.2845506,14.5898876,2024-09-Isfjorden-Mooring-02b
2024-09-28 21:30:36,78.2845481,14.5900346,2024-09-Isfjorden-Mooring-02b
2024-09-28 22:00:37,78.284438,14.5898282,2024-09-Isfjorden-Mooring-02b
2024-09-28 22:30:26,78.2843483,14.5896282,2024-09-Isfjorden-Mooring-02b
2024-09-28 23:00:35,78.2843578,14.5897694,2024-09-Isfjorden-Mooring-02b
2024-09-28 23:30:35,78.2843246,14.5897504,2024-09-Isfjorden-Mooring-02b
2024-09-29 00:00:36,78.2843569,14.5896953,2024-09-Isfjorden-Mooring-02b
2024-09-29 00:30:26,78.2843256,14.5896278,2024-09-Isfjorden-Mooring-02b
2024-09-29 01:00:37,78.2844,14.5896496,2024-09-Isfjorden-Mooring-02b
2024-09-29 01:30:36,78.2842697,14.5895463,2024-09-Isfjorden-Mooring-02b
2024-09-29 02:00:37,78.2842086,14.5897467,2024-09-Isfjorden-Mooring-02b
2024-09-29 02:30:26,78.2843015,14.5898213,2024-09-Isfjorden-Mooring-02b
2024-09-29 03:00:37,78.2843369,14.5893916,2024-09-Isfjorden-Mooring-02b
2024-09-29 03:30:36,78.2843515,14.5894742,2024-09-Isfjorden-Mooring-02b
2024-09-29 04:00:37,78.2844832,14.5894452,2024-09-Isfjorden-Mooring-02b
2024-09-29 04:30:27,78.2845432,14.5895018,2024-09-Isfjorden-Mooring-02b
2024-09-29 05:00:36,78.2845483,14.5896766,2024-09-Isfjorden-Mooring-02b
2024-09-29 05:30:36,78.2846439,14.5894762,2024-09-Isfjorden-Mooring-02b
2024-09-29 06:00:37,78.2848182,14.5892953,2024-09-Isfjorden-Mooring-02b
2024-09-29 06:30:27,78.2848433,14.5889738,2024-09-Isfjorden-Mooring-02b
2024-09-29 07:00:37,78.284926,14.5887328,2024-09-Isfjorden-Mooring-02b
2024-09-29 07:30:36,78.2849369,14.588722,2024-09-Isfjorden-Mooring-02b
2024-09-29 08:00:37,78.2849629,14.588784,2024-09-Isfjorden-Mooring-02b
2024-09-29 08:30:26,78.2849247,14.5885644,2024-09-Isfjorden-Mooring-02b
2024-09-29 09:00:37,78.2849416,14.5886876,2024-09-Isfjorden-Mooring-02b
2024-09-29 09:30:36,78.2849405,14.5884764,2024-09-Isfjorden-Mooring-02b
2024-09-29 10:00:38,78.2849731,14.5884607,2024-09-Isfjorden-Mooring-02b
2024-09-29 10:30:27,78.2849466,14.5885086,2024-09-Isfjorden-Mooring-02b
2024-09-29 11:00:34,78.2849607,14.5887255,2024-09-Isfjorden-Mooring-02b
2024-09-29 11:30:34,78.2850066,14.5888544,2024-09-Isfjorden-Mooring-02b
2024-09-29 12:00:38,78.2849555,14.5888986,2024-09-Isfjorden-Mooring-02b
2024-09-29 12:30:27,78.2849865,14.5888327,2024-09-Isfjorden-Mooring-02b
2024-09-29 13:00:38,78.2850102,14.5891049,2024-09-Isfjorden-Mooring-02b
2024-09-29 13:30:35,78.2849815,14.5892829,2024-09-Isfjorden-Mooring-02b
2024-09-29 14:00:38,78.2849424,14.5892241,2024-09-Isfjorden-Mooring-02b
2024-09-29 14:30:25,78.2849062,14.5891551,2024-09-Isfjorden-Mooring-02b
2024-09-29 15:00:38,78.2849233,14.5892485,2024-09-Isfjorden-Mooring-02b
2024-09-29 15:30:37,78.2849164,14.5893291,2024-09-Isfjorden-Mooring-02b
2024-09-29 16:00:38,78.2849562,14.5893485,2024-09-Isfjorden-Mooring-02b
2024-09-29 16:30:26,78.2849651,14.5892799,2024-09-Isfjorden-Mooring-02b
2024-09-29 17:00:38,78.2850054,14.5895743,2024-09-Isfjorden-Mooring-02b
2024-09-29 17:30:37,78.2850645,14.5894721,2024-09-Isfjorden-Mooring-02b
2024-09-29 18:00:38,78.2850813,14.5896921,2024-09-Isfjorden-Mooring-02b
2024-09-29 18:30:26,78.285103,14.5900589,2024-09-Isfjorden-Mooring-02b
2024-09-29 19:00:38,78.285159,14.5900476,2024-09-Isfjorden-Mooring-02b
2024-09-29 19:30:37,78.2851784,14.5899166,2024-09-Isfjorden-Mooring-02b
2024-09-29 20:00:37,78.2851571,14.5901918,2024-09-Isfjorden-Mooring-02b
2024-09-29 20:30:26,78.2851679,14.5901174,2024-09-Isfjorden-Mooring-02b
2024-09-29 21:00:38,78.2852061,14.5900992,2024-09-Isfjorden-Mooring-02b
2024-09-29 21:30:35,78.2851436,14.5898464,2024-09-Isfjorden-Mooring-02b
2024-09-29 22:00:37,78.285282,14.5903325,2024-09-Isfjorden-Mooring-02b
2024-09-29 22:30:25,78.2852893,14.5904968,2024-09-Isfjorden-Mooring-02b
2024-09-29 23:00:36,78.2852594,14.590312,2024-09-Isfjorden-Mooring-02b
2024-09-29 23:30:35,78.2852163,14.590121,2024-09-Isfjorden-Mooring-02b
2024-09-30 00:00:37,78.2851266,14.5899419,2024-09-Isfjorden-Mooring-02b
2024-09-30 00:30:25,78.2850196,14.5898654,2024-09-Isfjorden-Mooring-02b
2024-09-30 01:00:37,78.2850106,14.5903378,2024-09-Isfjorden-Mooring-02b
2024-09-30 01:30:36,78.2849339,14.5903162,2024-09-Isfjorden-Mooring-02b
2024-09-30 02:00:37,78.284919,14.590275,2024-09-Isfjorden-Mooring-02b
2024-09-30 02:30:25,78.2848926,14.5903405,2024-09-Isfjorden-Mooring-02b
2024-09-30 03:00:37,78.2848762,14.5904706,2024-09-Isfjorden-Mooring-02b
2024-09-30 03:30:37,78.2849257,14.5907074,2024-09-Isfjorden-Mooring-02b
2024-09-30 04:00:37,78.2849342,14.5906871,2024-09-Isfjorden-Mooring-02b
2024-09-30 04:30:27,78.2849862,14.5908469,2024-09-Isfjorden-Mooring-02b
2024-09-30 05:00:37,78.2850679,14.591065,2024-09-Isfjorden-Mooring-02b
2024-09-30 05:30:36,78.2851619,14.5912014,2024-09-Isfjorden-Mooring-02b
2024-09-30 06:00:37,78.2852535,14.5916018,2024-09-Isfjorden-Mooring-02b
2024-09-30 06:30:27,78.2852584,14.5913698,2024-09-Isfjorden-Mooring-02b
2024-09-30 07:00:37,78.2853381,14.5916534,2024-09-Isfjorden-Mooring-02b
2024-09-30 07:30:36,78.2854214,14.5919152,2024-09-Isfjorden-Mooring-02b
2024-09-30 08:00:39,78.2855029,14.5924218,2024-09-Isfjorden-Mooring-02b
2024-09-30 08:30:27,78.2855146,14.5925828,2024-09-Isfjorden-Mooring-02b
2024-09-30 09:00:37,78.2855872,14.5928148,2024-09-Isfjorden-Mooring-02b
2024-09-30 09:30:36,78.2855968,14.5926032,2024-09-Isfjorden-Mooring-02b
2024-09-30 10:00:38,78.2855835,14.5922675,2024-09-Isfjorden-Mooring-02b
2024-09-30 10:30:26,78.2855102,14.5920065,2024-09-Isfjorden-Mooring-02b
2024-09-30 11:00:38,78.285459,14.591933,2024-09-Isfjorden-Mooring-02b
2024-09-30 11:30:34,78.2853707,14.5915914,2024-09-Isfjorden-Mooring-02b
2024-09-30 12:00:38,78.2853373,14.5910624,2024-09-Isfjorden-Mooring-02b
2024-09-30 12:30:26,78.2852964,14.5910181,2024-09-Isfjorden-Mooring-02b
2024-09-30 13:00:38,78.2852519,14.5909576,2024-09-Isfjorden-Mooring-02b
2024-09-30 13:30:36,78.2852191,14.5910308,2024-09-Isfjorden-Mooring-02b
2024-09-30 14:00:38,78.2851954,14.5907136,2024-09-Isfjorden-Mooring-02b
2024-09-30 14:30:25,78.2851369,14.5907307,2024-09-Isfjorden-Mooring-02b
2024-09-30 15:00:38,78.2851112,14.5912999,2024-09-Isfjorden-Mooring-02b
2024-09-30 15:30:36,78.2851111,14.5914041,2024-09-Isfjorden-Mooring-02b
2024-09-30 16:00:38,78.2851631,14.5917797,2024-09-Isfjorden-Mooring-02b
2024-09-30 16:30:27,78.2852739,14.5928521,2024-09-Isfjorden-Mooring-02b
2024-09-30 17:00:38,78.2853312,14.5944269,2024-09-Isfjorden-Mooring-02b
2024-09-30 17:30:37,78.2853021,14.5950332,2024-09-Isfjorden-Mooring-02b
2024-09-30 18:00:38,78.2853408,14.5953714,2024-09-Isfjorden-Mooring-02b
2024-09-30 18:30:26,78.2853159,14.5958446,2024-09-Isfjorden-Mooring-02b
2024-09-30 19:00:38,78.2853264,14.5957089,2024-09-Isfjorden-Mooring-02b
2024-09-30 19:30:36,78.2853813,14.5953469,2024-09-Isfjorden-Mooring-02b
2024-09-30 20:00:38,78.2854034,14.5956007,2024-09-Isfjorden-Mooring-02b
2024-09-30 20:30:26,78.2854049,14.595617,2024-09-Isfjorden-Mooring-02b
2024-09-30 21:00:38,78.2854738,14.5954731,2024-09-Isfjorden-Mooring-02b
2024-09-30 21:30:36,78.2854844,14.5949474,2024-09-Isfjorden-Mooring-02b
2024-09-30 22:00:38,78.2854217,14.5946278,2024-09-Isfjorden-Mooring-02b
2024-09-30 22:30:28,78.2853855,14.5947801,2024-09-Isfjorden-Mooring-02b
2024-09-30 23:00:37,78.2853253,14.5939827,2024-09-Isfjorden-Mooring-02b
2024-09-30 23:30:37,78.2852927,14.5939209,2024-09-Isfjorden-Mooring-02b
2024-10-01 00:00:38,78.2852868,14.593995,2024-09-Isfjorden-Mooring-02b
2024-10-01 00:30:24,78.2852609,14.5943795,2024-09-Isfjorden-Mooring-02b
2024-10-01 01:00:37,78.2852496,14.594591,2024-09-Isfjorden-Mooring-02b
2024-10-01 01:30:38,78.285259,14.5948568,2024-09-Isfjorden-Mooring-02b
2024-10-01 02:00:39,78.2852387,14.5950347,2024-09-Isfjorden-Mooring-02b
2024-10-01 02:30:27,78.285164,14.5954477,2024-09-Isfjorden-Mooring-02b
2024-10-01 03:00:38,78.2851365,14.5955585,2024-09-Isfjorden-Mooring-02b
2024-10-01 03:30:36,78.2851349,14.5954856,2024-09-Isfjorden-Mooring-02b
2024-10-01 04:00:37,78.2851674,14.5952324,2024-09-Isfjorden-Mooring-02b
2024-10-01 04:30:27,78.2852423,14.5958808,2024-09-Isfjorden-Mooring-02b
2024-10-01 05:00:37,78.2852919,14.5960997,2024-09-Isfjorden-Mooring-02b
2024-10-01 05:30:36,78.2853168,14.5963891,2024-09-Isfjorden-Mooring-02b
2024-10-01 06:00:37,78.2853358,14.596592,2024-09-Isfjorden-Mooring-02b
2024-10-01 06:30:26,78.2853849,14.5965631,2024-09-Isfjorden-Mooring-02b
2024-10-01 07:00:37,78.2853757,14.5967548,2024-09-Isfjorden-Mooring-02b
2024-10-01 07:30:36,78.2853655,14.596866,2024-09-Isfjorden-Mooring-02b
2024-10-01 08:00:37,78.2854747,14.5966339,2024-09-Isfjorden-Mooring-02b
2024-10-01 08:30:29,78.285489,14.5970673,2024-09-Isfjorden-Mooring-02b
2024-10-01 09:00:37,78.2854949,14.5974335,2024-09-Isfjorden-Mooring-02b
2024-10-01 09:30:36,78.285522,14.5976645,2024-09-Isfjorden-Mooring-02b
2024-10-01 10:00:37,78.2855629,14.5978198,2024-09-Isfjorden-Mooring-02b
2024-10-01 10:30:24,78.2854621,14.5982041,2024-09-Isfjorden-Mooring-02b
2024-10-01 11:00:35,78.285389,14.5978689,2024-09-Isfjorden-Mooring-02b
2024-10-01 11:30:35,78.2853224,14.5973695,2024-09-Isfjorden-Mooring-02b
2024-10-01 12:00:37,78.2852598,14.5972615,2024-09-Isfjorden-Mooring-02b
2024-10-01 12:30:26,78.2852408,14.5971432,2024-09-Isfjorden-Mooring-02b
2024-10-01 13:00:37,78.2852336,14.5969027,2024-09-Isfjorden-Mooring-02b
2024-10-01 13:30:36,78.2851817,14.5969043,2024-09-Isfjorden-Mooring-02b
2024-10-01 14:00:37,78.2851616,14.5970409,2024-09-Isfjorden-Mooring-02b
2024-10-01 14:30:27,78.2851168,14.5971322,2024-09-Isfjorden-Mooring-02b
2024-10-01 15:00:38,78.2851051,14.5970061,2024-09-Isfjorden-Mooring-02b
2024-10-01 15:30:37,78.2850931,14.5969412,2024-09-Isfjorden-Mooring-02b
2024-10-01 16:00:38,78.2851044,14.5970228,2024-09-Isfjorden-Mooring-02b
2024-10-01 16:30:27,78.2851638,14.5973449,2024-09-Isfjorden-Mooring-02b
2024-10-01 17:00:38,78.2852412,14.5977918,2024-09-Isfjorden-Mooring-02b
2024-10-01 17:30:36,78.2853278,14.598082,2024-09-Isfjorden-Mooring-02b
2024-10-01 18:00:38,78.2853656,14.5983912,2024-09-Isfjorden-Mooring-02b
2024-10-01 18:30:27,78.285383,14.5989569,2024-09-Isfjorden-Mooring-02b
2024-10-01 19:00:37,78.2853512,14.5995861,2024-09-Isfjorden-Mooring-02b
2024-10-01 19:30:36,78.2853757,14.5997537,2024-09-Isfjorden-Mooring-02b
2024-10-01 20:00:38,78.2854099,14.5998137,2024-09-Isfjorden-Mooring-02b
2024-10-01 20:30:27,78.2854084,14.599761,2024-09-Isfjorden-Mooring-02b
2024-10-01 21:00:38,78.2854645,14.5997762,2024-09-Isfjorden-Mooring-02b
2024-10-01 21:30:36,78.2854309,14.5998826,2024-09-Isfjorden-Mooring-02b
2024-10-01 22:00:38,78.28543,14.5999603,2024-09-Isfjorden-Mooring-02b
2024-10-01 22:30:26,78.285394,14.5999154,2024-09-Isfjorden-Mooring-02b
2024-10-01 23:00:38,78.2853407,14.5999657,2024-09-Isfjorden-Mooring-02b
2024-10-01 23:30:37,78.2853121,14.5999024,2024-09-Isfjorden-Mooring-02b
2024-10-02 00:00:38,78.2853048,14.5995451,2024-09-Isfjorden-Mooring-02b
2024-10-02 00:30:26,78.2852216,14.5993168,2024-09-Isfjorden-Mooring-02b
2024-10-02 01:00:38,78.2851618,14.5991496,2024-09-Isfjorden-Mooring-02b
2024-10-02 01:30:36,78.2851312,14.5992229,2024-09-Isfjorden-Mooring-02b
2024-10-02 02:00:38,78.2851245,14.5992552,2024-09-Isfjorden-Mooring-02b
2024-10-02 02:30:25,78.2850682,14.5991726,2024-09-Isfjorden-Mooring-02b
2024-10-02 03:00:38,78.2850447,14.5992765,2024-09-Isfjorden-Mooring-02b
2024-10-02 03:30:37,78.2850553,14.5993815,2024-09-Isfjorden-Mooring-02b
2024-10-02 04:00:38,78.2850357,14.5995109,2024-09-Isfjorden-Mooring-02b
2024-10-02 04:30:27,78.2850067,14.5997094,2024-09-Isfjorden-Mooring-02b
2024-10-02 05:00:37,78.2850703,14.5998825,2024-09-Isfjorden-Mooring-02b
2024-10-02 05:30:37,78.285113,14.6000366,2024-09-Isfjorden-Mooring-02b
2024-10-02 06:00:38,78.2851389,14.6003419,2024-09-Isfjorden-Mooring-02b
2024-10-02 06:30:26,78.2851878,14.6004041,2024-09-Isfjorden-Mooring-02b
2024-10-02 07:00:37,78.2852582,14.6003542,2024-09-Isfjorden-Mooring-02b
2024-10-02 07:30:36,78.28531,14.6002837,2024-09-Isfjorden-Mooring-02b
2024-10-02 08:00:37,78.2853132,14.6001942,2024-09-Isfjorden-Mooring-02b
2024-10-02 08:30:26,78.2853076,14.6001779,2024-09-Isfjorden-Mooring-02b
2024-10-02 09:00:38,78.2853423,14.6001946,2024-09-Isfjorden-Mooring-02b
2024-10-02 09:30:38,78.2853303,14.6001995,2024-09-Isfjorden-Mooring-02b
2024-10-02 10:00:38,78.2853805,14.6000014,2024-09-Isfjorden-Mooring-02b
2024-10-02 10:30:27,78.2854102,14.600062,2024-09-Isfjorden-Mooring-02b
2024-10-02 11:00:38,78.2853561,14.6001901,2024-09-Isfjorden-Mooring-02b
2024-10-02 11:30:38,78.2852445,14.6005296,2024-09-Isfjorden-Mooring-02b
2024-10-02 12:00:38,78.2851811,14.6006056,2024-09-Isfjorden-Mooring-02b
2024-10-02 12:30:26,78.2850594,14.6005614,2024-09-Isfjorden-Mooring-02b
2024-10-02 13:00:38,78.2849484,14.6005334,2024-09-Isfjorden-Mooring-02b
2024-10-02 13:30:37,78.2848388,14.6002973,2024-09-Isfjorden-Mooring-02b
2024-10-02 14:00:38,78.2848237,14.6003492,2024-09-Isfjorden-Mooring-02b
2024-10-02 14:30:27,78.2848465,14.6003638,2024-09-Isfjorden-Mooring-02b
2024-10-02 15:00:37,78.2847887,14.6003104,2024-09-Isfjorden-Mooring-02b
2024-10-02 15:30:36,78.2846776,14.6004524,2024-09-Isfjorden-Mooring-02b
2024-10-02 16:00:37,78.2846978,14.6002903,2024-09-Isfjorden-Mooring-02b
2024-10-02 16:30:25,78.2846018,14.6000729,2024-09-Isfjorden-Mooring-02b
2024-10-02 17:00:37,78.2846953,14.6004424,2024-09-Isfjorden-Mooring-02b
2024-10-02 17:30:36,78.2847428,14.6006565,2024-09-Isfjorden-Mooring-02b
2024-10-02 18:00:37,78.2848907,14.6007104,2024-09-Isfjorden-Mooring-02b
2024-10-02 18:30:26,78.2850367,14.6006665,2024-09-Isfjorden-Mooring-02b
2024-10-02 19:00:37,78.285104,14.6005756,2024-09-Isfjorden-Mooring-02b
2024-10-02 19:30:36,78.2851613,14.6005714,2024-09-Isfjorden-Mooring-02b
2024-10-02 20:00:37,78.2852087,14.6005711,2024-09-Isfjorden-Mooring-02b
2024-10-02 20:30:26,78.2852056,14.6004696,2024-09-Isfjorden-Mooring-02b
2024-10-02 21:00:37,78.2852512,14.6003558,2024-09-Isfjorden-Mooring-02b
2024-10-02 21:30:36,78.2853052,14.6002704,2024-09-Isfjorden-Mooring-02b
2024-10-02 22:00:37,78.2853019,14.6002674,2024-09-Isfjorden-Mooring-02b
2024-10-02 22:30:27,78.2853007,14.6003037,2024-09-Isfjorden-Mooring-02b
2024-10-02 23:00:37,78.2854249,14.5998889,2024-09-Isfjorden-Mooring-02b
2024-10-02 23:30:36,78.2855041,14.5995994,2024-09-Isfjorden-Mooring-02b
2024-10-03 00:00:37,78.2855312,14.5993242,2024-09-Isfjorden-Mooring-02b
2024-10-03 00:30:27,78.2855408,14.5987565,2024-09-Isfjorden-Mooring-02b
2024-10-03 01:00:37,78.2853756,14.5984432,2024-09-Isfjorden-Mooring-02b
2024-10-03 01:30:37,78.2852717,14.5980509,2024-09-Isfjorden-Mooring-02b
2024-10-03 02:00:37,78.2852147,14.5980382,2024-09-Isfjorden-Mooring-02b
